Paper Clip,Lorem Ipsum,100,Clips,2,0,https://i.imgur.com/hT99SxZ.jpeg
Paper Clip,Lorem Ipsum,100,Clips,2,0,https://i.imgur.com/CCMKaju.jpeg
Paper Clip,Lorem Ipsum,100,Clips,2,0,https://i.imgur.com/jomMXsw.jpeg
Paper Clip,Lorem Ipsum,100,Clips,2,0,https://i.imgur.com/LH9aauO.jpeg
Fall Color Sticky Notes,Lorem Ipsum,100,Sticky Notes,2,0,https://i.imgur.com/AIrmMYk.jpg
Cute Green Sticky Notes,Lorem Ipsum,100,Sticky Notes,2,0,https://i.imgur.com/gabo8sF.jpg
Purple Set Sticky Notes,Lorem Ipsum,100,Sticky Notes,2,0,https://i.imgur.com/eg22sJo.jpg
Dark Purple Sticky Notes,Lorem Ipsum,100,Sticky Notes,2,0,https://i.imgur.com/kZjDtcZ.jpg
Flower,Lorem Ipsum,100,Sticker Sheet,2,0,https://i.imgur.com/MhfMGTt.jpg
Night,Lorem Ipsum,100,Sticker Sheet,2,0,https://i.imgur.com/eHzXLWO.jpg
Yellow Animal,Lorem Ipsum,100,Sticker Sheet,2,0,https://i.imgur.com/DXAsBq7.jpg
Blue Garden,Lorem Ipsum,100,Sticker Sheet,2,0,https://i.imgur.com/KUVQala.jpg
Garden,Lorem Ipsum,100,Sticker Sheet,2,0,https://i.imgur.com/NtZ2WD1.jpg
Boxes,Lorem Ipsum,100,Sticker Sheet,2,0,https://i.imgur.com/LRSnUnO.jpg
Boxes,Lorem Ipsum,100,Sticker Sheet,2,0,https://i.imgur.com/YYJ4FIu.jpg
Deco,Lorem Ipsum,100,Sticker Sheet,2,0,https://i.imgur.com/Td5pXC4.jpg
